Turno,Inizio,Fine,Tipologia Turno
1,05/01/2026,25/01/2026,SLAM (3 Sett)
2,26/01/2026,01/02/2026,250
3,02/02/2026,08/02/2026,Misto 500/250
4,09/02/2026,15/02/2026,Master 1000
5,16/02/2026,22/02/2026,Master 1000
6,23/02/2026,01/03/2026,Misto 500/250
7,04/03/2026,15/03/2026,MASTER 1000 (12 Giorni)
8,18/03/2026,29/03/2026,MASTER 1000 (12 Giorni)
9,30/03/2026,05/04/2026,250
10,06/04/2026,12/04/2026,ATP 1000 solo maschi
11,13/04/2026,19/04/2026,Misto 500/250
12,22/04/2026,03/05/2026,MASTER 1000 (12 Giorni)
13,06/05/2026,17/05/2026,MASTER 1000 (12 Giorni)
14,18/05/2026,07/06/2026,SLAM + Lead-up (3 Sett)
15,08/06/2026,14/06/2026,250
16,15/06/2026,21/06/2026,500
17,22/06/2026,12/07/2026,SLAM (3 Sett)
18,13/07/2026,19/07/2026,250
19,20/07/2026,26/07/2026,250
20,27/07/2026,02/08/2026,500
21,06/08/2026,17/08/2026,MASTER 1000 (12 Giorni)
22,19/08/2026,30/08/2026,MASTER 1000 (12 Giorni)
23,31/08/2026,13/09/2026,SLAM (2 Sett)
24,14/09/2026,20/09/2026,250 solo donne
25,21/09/2026,27/09/2026,250
26,28/09/2026,04/10/2026,MASTER 1000
27,07/10/2026,18/10/2026,MASTER 1000 (12 Giorni)
28,19/10/2026,25/10/2026,250
29,26/10/2026,01/11/2026,500
30,02/11/2026,08/11/2026,MASTER 1000